id,name,description,due_date
85ztykfpd,blue_task15,blue_desc1,1694557800000
85ztykf97,blue_task14,blue_desc1,1694557800000
85ztyf6w1,blue_task3,blue_description3,1694557800000
85ztyf6uh,blue_task2,blue_description2,1694557800000
85ztyf6qt,blue_task1,blue_description1,1694557800000
85ztykey8,blue_task14,blue_desc1,
85ztykekf,blue_task1,blue_desc1,
85ztyka7q,New Task Name,New Task Description,1508365800000
85ztyf6nv,green_task3,green_description3,
85ztyf6kr,green_task2,green_description2,
85ztyf6f5,green_task1,green_description1,
